sourceName,boardToken,company,companyDomain,status,totalPersistedJobs
smartrecruiters,360ITProfessionals1,360 IT Professionals,,working,122
smartrecruiters,AACSBInternational1,AACSB International,,working,0
smartrecruiters,AbacusTechnologyCorporation,Abacus Technology Corporation,,working,5
smartrecruiters,AbbVie,AbbVie,,working,10
smartrecruiters,ABOUTYOUGmbH,ABOUT YOU SE & Co. KG,,working,41
smartrecruiters,AccentureFederalServices,Accenture Federal Services,,working,11
smartrecruiters,AccorCorpo,AccorCorpo,,working,2
smartrecruiters,Achieve1,Achieve,,working,3
smartrecruiters,ActiveTheory,Active Theory,,working,0
smartrecruiters,Acumatica,Acumatica,,working,8
smartrecruiters,AcumenSolutions,Acumen Solutions,,working,15
smartrecruiters,AditiConsulting1,Aditi Consulting,,working,2
smartrecruiters,AditiStaffing1,AditiStaffing,,working,34
smartrecruiters,AdobeAssociatesInc,Adobe Associates Inc,,working,2
smartrecruiters,AdvanceTradingInc,"Advance Trading, Inc",,working,1
smartrecruiters,AECOM2,AECOM,,working,27
smartrecruiters,AeroVect,AeroVect,,working,2
smartrecruiters,AgileEnterpriseSolutions,Agile Enterprise Solutions,,working,27
smartrecruiters,AGTechnologies1,AG Technologies,,working,55
smartrecruiters,AHRCNYC1,AHRC NYC,,working,0
smartrecruiters,AIRCommunities,AIR Communities,,working,0
smartrecruiters,AjnaInfotech,Ajna Infotech,,working,1
smartrecruiters,Akuo,Akuo,,working,1
smartrecruiters,AllegisGlobalSolutions,Allegis Global Solutions,,working,4
smartrecruiters,AllStaff1,AllStaff,,working,1
smartrecruiters,Ally1,Ally,,working,5
smartrecruiters,AlphalogicInc,"Alphalogic, Inc.",,working,6
smartrecruiters,AlphaTechnologiesIncUSA1,Alpha Technologies Inc USA,,working,15
smartrecruiters,Alten2,Alten,,working,2
smartrecruiters,AmericanTechnologyConsulting-ATC,American Technology Consulting - ATC,,working,0
smartrecruiters,AMGTECHNOLOGY,AMG TECHNOLOGY,,working,3
smartrecruiters,AmNetServicesInc,"AmNet Services, Inc.",,working,104
smartrecruiters,AmplyPowerInc,"Amply Power, Inc",,working,1
smartrecruiters,AnchorPointTechnologyResources1,Anchor Point Technology Resources,,working,13
smartrecruiters,Anexinet1,Anexinet,,working,3
smartrecruiters,AngloAmericanDeBeersGroup,Anglo American / De Beers Group,,working,1
smartrecruiters,Apexon1,Apexon,,working,2
smartrecruiters,ApplusIDIADA1,Applus IDIADA,,working,1
smartrecruiters,AptonInc,Apton inc,,working,4
smartrecruiters,AristaNetworks,Arista Networks,,working,88
smartrecruiters,ArkaInfotechInc,Arka Infotech Inc,,working,37
smartrecruiters,ArtechInformationSystemLLC,Artech Information System LLC,,working,200
smartrecruiters,AskITConsulting,Ask IT consulting,,working,132
smartrecruiters,ASKStaffing1,ASK Staffing,,working,13
smartrecruiters,ASML1,ASML,,working,2
smartrecruiters,Assent,Assent,,working,12
smartrecruiters,ASSYSTEM,ASSYSTEM,,working,24
smartrecruiters,Astucemedia,Astucemedia,,working,1
smartrecruiters,ATEXIS,ATEXIS,,working,0
smartrecruiters,Athos,Athos,,working,1
smartrecruiters,ATPCO1,ATPCO,,working,6
smartrecruiters,AtriaGroupLLC,Atria Group LLC,,working,155
smartrecruiters,AubergeCollection,Auberge Collection,,working,9
smartrecruiters,Aumovio,Aumovio,,working,15
smartrecruiters,AutomationAnywhere1,Automation Anywhere,,working,4
smartrecruiters,Avaloq1,Avaloq,,working,8
smartrecruiters,AvanceConsultingServices2,Avance Consulting Services,,working,26
smartrecruiters,AveryDennison,Avery Dennison,,working,8
smartrecruiters,AvidSolutions,Avid Solutions,,working,2
smartrecruiters,AvtechSolution,Avtech solution,,working,8
smartrecruiters,Axiado,Axiado,,working,8
smartrecruiters,AYRGlobalITSolutionsInc,AYR Global IT Solutions Inc,,working,58
smartrecruiters,BAESystems3,BAE Systems,,working,1
smartrecruiters,BCCSoftware,BCC Software,,working,2
smartrecruiters,BCforward3,BCforward,,working,28
smartrecruiters,BDO4,BDO,,working,1
smartrecruiters,BectonDickinson2,Becton Dickinson,,working,5
smartrecruiters,Believe,Believe,,working,0
smartrecruiters,BESIX,BESIX,,working,0
smartrecruiters,Bet3651,bet365,,working,9
smartrecruiters,BetaSoftSystems3,Beta.SoftSystems,,working,17
smartrecruiters,BETSOL,BETSOL,,working,9
smartrecruiters,Bey,Bey,,working,1
smartrecruiters,Blend360,Blend360,,working,0
smartrecruiters,BloKchainTalent2,BloKchain Talent,,working,5
smartrecruiters,BloKchainTalentLLC,"BloKchain Talent, LLC",,working,5
smartrecruiters,blueStone,blueStone,,working,43
smartrecruiters,Boomtrain,Boomtrain,,working,3
smartrecruiters,Bosch-HomeComfort,Bosch-HomeComfort,,working,5
smartrecruiters,BoschGroup,Bosch Group,,working,34
smartrecruiters,BoydGaming,Boyd Gaming,,working,0
smartrecruiters,Brainlab,Brainlab,,working,16
smartrecruiters,Brightback,Brightback,,working,1
smartrecruiters,Brilliant1,Brilliant,,working,4
smartrecruiters,BryceTech,BryceTech,,working,9
smartrecruiters,BusinessIntegra1,Business Integra,,working,23
smartrecruiters,CaliforniaISO,California ISO,,working,1
smartrecruiters,Canva,Canva,,working,16
smartrecruiters,CapTechConsulting,CapTech Consulting,,working,49
smartrecruiters,Carecoach,Care.coach,,working,1
smartrecruiters,CareerGuidant,Career Guidant,,working,20
smartrecruiters,CAVISTA,CAVISTA,,working,4
smartrecruiters,CCGBusinessSolutionsLLC,"CCG Business Solutions, LLC",,working,8
smartrecruiters,CDKGlobal,CDK Global,,working,1
smartrecruiters,CDPROJEKTRED,CD PROJEKT RED,,working,8
smartrecruiters,CentrillionBiosciencesInc,"Centrillion Biosciences, Inc.",,working,2
smartrecruiters,Centurylink1,Centurylink,,working,1
smartrecruiters,CharterGlobal4,Charter Global,,working,6
smartrecruiters,Cint,Cint,,working,6
smartrecruiters,CircleLogistics1,Circle Logistics,,working,1
smartrecruiters,CirrusDataSolutionsInc,Cirrus Data Solutions Inc.,,working,1
smartrecruiters,CLARAAnalytics,CLARA analytics,,working,1
smartrecruiters,Clarapath,Clarapath,,working,1
smartrecruiters,ClearviewSoftware,Clearview Software,,working,2
smartrecruiters,Clerky,Clerky,,working,1
smartrecruiters,Coface,Coface,,working,1
smartrecruiters,ColibriTeams,Colibri Teams,,working,0
smartrecruiters,Collabera2,Collabera,,working,137
smartrecruiters,Colliers1,Colliers,,working,3
smartrecruiters,ColliersInternationalEMEA,Colliers International EMEA,,working,1
smartrecruiters,ComputechCorporation1,Computech Corporation,,working,16
smartrecruiters,ComputerEnterprisesIncorporated,Computer Enterprises Incorporated,,working,0
smartrecruiters,ComtechLLC2,Comtech LLC,,working,79
smartrecruiters,ConnectingTalent1,Connecting Talent,,working,3
smartrecruiters,Consultadd4,Consultadd,,working,15
smartrecruiters,Continental,Continental,,working,4
smartrecruiters,CONTROLTECLLC,CONTROLTEC LLC,,working,3
smartrecruiters,CoServeGlobalSolutions,CoServe Global Solutions,,working,37
smartrecruiters,coxpro,"Cox Professional Resources, Inc.",,working,0
smartrecruiters,CRB,CRB,,working,20
smartrecruiters,Cricut,Cricut,,working,12
smartrecruiters,CruisePlanners,Cruise Planners,,working,1
smartrecruiters,CustomizedEnergySolutions,Customized Energy Solutions,,working,1
smartrecruiters,Cyberark1,CyberArk,,working,82
smartrecruiters,CygnusProfessionalsInc2,Cygnus Professionals Inc,,working,17
smartrecruiters,CystemsLogicInc1,Cystems Logic Inc,,working,4
smartrecruiters,Dailymotion,Dailymotion,,working,1
smartrecruiters,DATASYSCONSULTINGSOFTWAREINC1,"DATASYS CONSULTING & SOFTWARE INC,",,working,0
smartrecruiters,DCOfficeOnAging,DC Office on Aging,,working,1
smartrecruiters,decipherapharmaceuticals1,Deciphera Pharmaceuticals,,working,0
smartrecruiters,DeliveryHero,Delivery Hero,,working,13
smartrecruiters,DeltaElectronics,Delta Electronics,,working,0
smartrecruiters,DematicCorporation,Dematic Corporation,,working,2
smartrecruiters,Dev2,Dev,,working,21
smartrecruiters,Devalitix,Devalitix,,working,5
smartrecruiters,Devoteam,Devoteam,,working,31
smartrecruiters,discovernetamerica1,The Net America Corporation,,working,3
smartrecruiters,DisysOakBrook,Disys - Oak Brook,,working,1
smartrecruiters,DNAnexus,DNAnexus,,working,0
smartrecruiters,DomeyardLP,Domeyard LP,,working,6
smartrecruiters,Dominos,Domino's,,working,0
smartrecruiters,DragonboatInc,dragonboat Inc.,,working,0
smartrecruiters,DreesSommerSE,Drees & Sommer SE,,working,29
smartrecruiters,DroneShield,DroneShield,,working,2
smartrecruiters,DrReddysLaboratoriesLimited,Dr Reddy's Laboratories Limited,,working,2
smartrecruiters,dstaff,Direct Staffing Inc,,working,27
smartrecruiters,Dynetics,Dynetics,,working,1
smartrecruiters,ecovadis,EcoVadis,,working,0
smartrecruiters,EERecruiters1,EE Recruiters,,working,0
smartrecruiters,EgisGroup,Egis Group,,working,12
smartrecruiters,EInfochips1,eInfochips,,working,4
smartrecruiters,EIQMobility,eIQ Mobility,,working,1
smartrecruiters,ElanPartners1,Elan Partners,,working,2
smartrecruiters,ElementalLEDInc,"Elemental LED, Inc.",,working,2
smartrecruiters,EliassenGroup1,Eliassen Group,,working,4
smartrecruiters,EliteWorkforceInc,Elite Workforce Inc.,,working,5
smartrecruiters,Endava,Endava,,working,46
smartrecruiters,EnsisTechnologies,Ensis Technologies,,working,1
smartrecruiters,Entain,Entain,,working,3
smartrecruiters,EnveroLLC,"Envero, LLC",,working,2
smartrecruiters,Envoy3,Envoy,,working,2
smartrecruiters,EpitecInc,Epitec Inc.,,working,8
smartrecruiters,EProInc,E*Pro Inc,,working,113
smartrecruiters,Ergomed,Ergomed,,working,0
smartrecruiters,EROSTechnologiesInc,EROS Technologies Inc.,,working,75
smartrecruiters,EttainGroup,ettain group,,working,8
smartrecruiters,Eurofins,Eurofins,,working,34
smartrecruiters,EvaAutomation,Eva Automation,,working,4
smartrecruiters,EVERSANA1,EVERSANA,,working,14
smartrecruiters,EverythingHR,Everything HR,,working,3
smartrecruiters,Evidation,Evidation,,working,5
smartrecruiters,Evolution,Evolution,,working,6
smartrecruiters,EvolutionIQ,EvolutionIQ,,working,2
smartrecruiters,ExceptionalInnovation1,Exceptional Innovation,,working,5
smartrecruiters,ExcylInc,Excyl Inc,,working,3
smartrecruiters,ExParteInc,"Ex Parte, Inc",,working,4
smartrecruiters,Expeditors,Expeditors,,working,0
smartrecruiters,Experian,Experian,,working,65
smartrecruiters,ExpertInstitute,Expert Institute,,working,2
smartrecruiters,Fabergent,Fabergent,,working,22
smartrecruiters,FahrenheitIT1,Fahrenheit IT,,working,6
smartrecruiters,Fastmarkets,Fastmarkets,,working,0
smartrecruiters,FederatoTechnologies,Federato Technologies,,working,2
smartrecruiters,FendIncorporated,Fend Incorporated,,working,0
smartrecruiters,FetchRecruitingInc,"Fetch Recruiting, Inc.",,working,4
smartrecruiters,FierceSolutionInc,Fierce Solution Inc,,working,0
smartrecruiters,Flink3,Flink,,working,4
smartrecruiters,Flywire1,Flywire,,working,5
smartrecruiters,FoothillVentures,Foothill Ventures,,working,1
smartrecruiters,ForbesAdvisor,Forbes Advisor,,working,13
smartrecruiters,FortuneBrands,Fortune Brands,,working,9
smartrecruiters,Freshworks,Freshworks,,working,7
smartrecruiters,FuturewaveSystems,Futurewave Systems,,working,23
smartrecruiters,G-ForceBusinessSolutions,G-Force Business Solutions,,working,2
smartrecruiters,GBITInc1,GBIT Inc,,working,5
smartrecruiters,GeeksRecruiting,Geeks Recruiting,,working,9
smartrecruiters,GhobashGroup,Ghobash Group,,working,0
smartrecruiters,GinasTechJobs,Ginas Tech Jobs,,working,6
smartrecruiters,GlobalDataConsortium,Global Data Consortium,,working,1
smartrecruiters,GoldmanSachs2,Goldman Sachs,,working,0
smartrecruiters,goldstonepartners,"Goldstone Partners, Inc.",,working,2
smartrecruiters,GPEINC,GPE INC.,,working,0
smartrecruiters,Gridpoint,Gridpoint,,working,1
smartrecruiters,HaloGroup1,Halo Group,,working,25
smartrecruiters,Hastee,Hastee,,working,1
smartrecruiters,HCLAmericaInc,HCL America Inc,,working,2
smartrecruiters,Hedgehog1,Hedgehog,,working,0
smartrecruiters,Hiflylabs,Hiflylabs,,working,4
smartrecruiters,Hiremore,Hiremore,,working,1
smartrecruiters,HISLLC,HIS LLC,,working,4
smartrecruiters,HitachiSolutions,Hitachi Solutions,,working,10
smartrecruiters,HSMC1,HSMC,,working,0
smartrecruiters,HSSSoft,HSSSoft,,working,15
smartrecruiters,Httpwwwgssrcom,http://www.gssr.com,,working,2
smartrecruiters,HuaweiTechnologies2,Huawei Technologies,,working,12
smartrecruiters,HuckAdventures,Huck Adventures,,working,3
smartrecruiters,IDEALFORCELLC,IDEALFORCE LLC,,working,153
smartrecruiters,Idexcel3,idexcel,,working,23
smartrecruiters,IESFAG,IESF AG,,working,1
smartrecruiters,IFS1,IFS,,working,9
smartrecruiters,IguaneSolutions,Iguane Solutions,,working,0
smartrecruiters,ImplifyInc,Implify Inc,,working,23
smartrecruiters,IncorporanInc,Incorporan.Inc,,working,3
smartrecruiters,IndSoftInc,IndSoft Inc,,working,6
smartrecruiters,Inetum2,Inetum,,working,15
smartrecruiters,INFICON2,INFICON,,working,2
smartrecruiters,InfiniteMD,InfiniteMD,,working,1
smartrecruiters,Info-Ways,Info-Ways,,working,35
smartrecruiters,InfojiniInc1,Infojini Inc,,working,125
smartrecruiters,InformaGroupPlc,Informa Group Plc.,,working,0
smartrecruiters,IngramContentGroup1,Ingram Content Group,,working,7
smartrecruiters,InPost,InPost,,working,13
smartrecruiters,Insightsoftware,insightsoftware,,working,1
smartrecruiters,InsilicoLogix,Insilico Logix,,working,9
smartrecruiters,InstantServeLLC,InstantServe LLC,,working,2
smartrecruiters,IntegratedResourcesINC,Integrated Resources INC,,working,36
smartrecruiters,integrichain1,IntegriChain,,working,8
smartrecruiters,Intelerad,Intelerad,,working,0
smartrecruiters,Intellihub1,Intellihub,,working,0
smartrecruiters,INTELLISWIFTINC,INTELLISWIFT INC,,working,34
smartrecruiters,InternationalResearchInstituteOfClimateAndSociety,International Research Institute of Climate and Society,,working,1
smartrecruiters,InternationalSOSGovernmentMedicalServices,International SOS Government Medical Services,,working,0
smartrecruiters,IntoneNetworks1,Intone Networks,,working,2
smartrecruiters,INTTechnologies,INT Technologies,,working,12
smartrecruiters,Intuit2,Intuit,,working,8
smartrecruiters,Intuitive,Intuitive,,working,77
smartrecruiters,InvisibleTechnologies,Invisible Technologies,,working,3
smartrecruiters,IOMAXISLLC,"MAXISIQ, Inc.",,working,14
smartrecruiters,IPsoft,IPsoft,,working,7
smartrecruiters,IPsoftInc1,IPsoft Inc.,,working,10
smartrecruiters,IPSTechnologyServices,IPS Technology Services,,working,7
smartrecruiters,IPTGlobal,IPT Global,,working,2
smartrecruiters,ISCS,ISCS,,working,2
smartrecruiters,ISISPapyrusAmericaInc,"ISIS Papyrus America, Inc.",,working,1
smartrecruiters,ITEC2,ITEC,,working,2
smartrecruiters,ITExcelLLC,I.T. Excel LLC,,working,12
smartrecruiters,ITTrailBlazers1,IT TrailBlazers,,working,10
smartrecruiters,ITvorksInc,"iTvorks,Inc",,working,1
smartrecruiters,JackLinksProteinSnacks,Jack Link's Protein Snacks,,working,2
smartrecruiters,JGWentworthHomeLendingLLC,"JG Wentworth Home Lending, LLC",,working,2
smartrecruiters,Jitterbit,Jitterbit,,working,10
smartrecruiters,Jobsbridge1,Jobsbridge,,working,248
smartrecruiters,johnsnowlabs,John Snow Labs,,working,1
smartrecruiters,johnsontechnologysystemsinc,Johnson Technology Systems Inc,,working,2
smartrecruiters,Keenfinity,Keenfinity,,working,0
smartrecruiters,kellyrecruiting,Kelly Recruiting,,working,7
smartrecruiters,KGTiger2,KG Tiger,,working,8
smartrecruiters,KIPP,KIPP,,working,1
smartrecruiters,Konecranes,Konecranes,,working,8
smartrecruiters,Kovaico,Kovai.co,,working,3
smartrecruiters,KPN,KPN,,working,10
smartrecruiters,KrgTechnologyInc,krg technology inc,,working,98
smartrecruiters,Labelium,Labelium,,working,1
smartrecruiters,LanceSoftInc2,LanceSoft Inc,,working,32
smartrecruiters,Laxir1,Laxir,,working,2
smartrecruiters,Leadfusion,Leadfusion,,working,1
smartrecruiters,LegalAndGeneral,LegalAndGeneral,,working,0
smartrecruiters,LendiGroup1,Lendi Group,,working,0
smartrecruiters,LevelAll,Level All,,working,1
smartrecruiters,LGCGroup,LGC Group,,working,2
smartrecruiters,LiftedanUpworkCompany,"Lifted, an Upwork Company™",,working,2
smartrecruiters,LightspeedHumanCapital,Lightspeed Human Capital,,working,0
smartrecruiters,Lingraphica,Lingraphica,,working,1
smartrecruiters,LinkedIn3,LinkedIn,,working,38
smartrecruiters,LinkTechnologies1,Link Technologies,,working,9
smartrecruiters,LLNL,LLNL,,working,19
smartrecruiters,Logic2020Inc,Logic20/20 Inc.,,working,0
smartrecruiters,LottieFiles,LottieFiles,,working,1
smartrecruiters,LouisDreyfusCompany,Louis Dreyfus Company,,working,6
smartrecruiters,LoveMyJob,LoveMyJob,,working,0
smartrecruiters,LowellCommunityHealthCenter,Lowell Community Health Center,,working,1
smartrecruiters,M1Finance,M1 Finance,,working,0
smartrecruiters,M3BI,M3BI,,working,2
smartrecruiters,M3USA,M3USA,,working,0
smartrecruiters,MaaniaConsultancyServices,Maania Consultancy Services,,working,24
smartrecruiters,MagantiITResourcesLLC,Maganti IT Resources LLC,,working,32
smartrecruiters,MapMyCustomers,Map My Customers,,working,0
smartrecruiters,MatrixSystemsGroup,Matrix Systems Group,,working,2
smartrecruiters,MattelInc,Mattel,,working,47
smartrecruiters,MCCDevelopmentInc,"MCC Development, Inc.",,working,0
smartrecruiters,McFadyenDigital,McFadyen Digital,,working,4
smartrecruiters,McWaneInc,"McWane, Inc.",,working,3
smartrecruiters,MeetTheTeam,Meet The Team,,working,1
smartrecruiters,METROMAKRO,METRO/MAKRO,,working,10
smartrecruiters,Microchip,Microchip,,working,5
smartrecruiters,MicroCodersLLC,MicroCoders LLC,,working,5
smartrecruiters,MicroStrategy1,MicroStrategy,,working,12
smartrecruiters,Mindlance2,Mindlance,,working,47
smartrecruiters,MindTickle,MindTickle,,working,6
smartrecruiters,MinorInternational,Minor International,,working,1
smartrecruiters,MirafraTechnology,Mirafra Technology,,working,8
smartrecruiters,Mirantis,Mirantis,,working,1
smartrecruiters,Miratech1,Miratech,,working,58
smartrecruiters,MissionCriticalGroup,Mission Critical Group,,working,3
smartrecruiters,MITRESOURCE,MIT RESOURCE,,working,21
smartrecruiters,MitsubishiTanabePharmaAmerica,Mitsubishi Tanabe Pharma America,,working,0
smartrecruiters,MobileProgrammingLLC,Mobile Programming LLC,,working,2
smartrecruiters,ModEarn,ModEarn,,working,2
smartrecruiters,Motocol,Motocol,,working,14
smartrecruiters,MUFGInvestorServices,MUFG Investor Services,,working,0
smartrecruiters,MyHRLLC,"MyHR, LLC.",,working,2
smartrecruiters,MyTime,MyTime,,working,6
smartrecruiters,Nagarro1,Nagarro,,working,159
smartrecruiters,NauticusRobotics,Nauticus Robotics,,working,1
smartrecruiters,NBCUniversal3,NBCUniversal,,working,46
smartrecruiters,NCSAustralia,NCS Australia,,working,2
smartrecruiters,Nearmap,Nearmap,,working,7
smartrecruiters,Nemera,Nemera,,working,3
smartrecruiters,NetApp2,NetApp,,working,4
smartrecruiters,Neverware,Neverware,,working,1
smartrecruiters,newpagesolutionsinc,NewPage Solutions Inc,,working,1
smartrecruiters,NextgenTechnologies1,Nextgen Technologies,,working,5
smartrecruiters,Nexthink,Nexthink,,working,27
smartrecruiters,NextLevelBusinessServicesInc2,"Next Level Business Services, Inc.",,working,88
smartrecruiters,NextStepSystems,Next Step Systems,,working,6
smartrecruiters,NielsenIQ,NielsenIQ,,working,22
smartrecruiters,NorthStarStaffingSolutions1,North Star Staffing Solutions,,working,31
smartrecruiters,NorthStarStaffingSolutionsInc,"North Star Staffing Solutions, Inc.",,working,28
smartrecruiters,NorthwesternMutual,Northwestern Mutual,,working,27
smartrecruiters,Now100,Now100,,working,3
smartrecruiters,NumeroDataLLC,Numero Data LLC,,working,1
smartrecruiters,O-I,O-I,,working,1
smartrecruiters,OBXtek1,OBXtek,,working,5
smartrecruiters,Ocorian,Ocorian,,working,0
smartrecruiters,Omio1,Omio,,working,1
smartrecruiters,OncoraMedical,Oncora Medical,,working,2
smartrecruiters,OpenPlay,OpenPlay,,working,2
smartrecruiters,OrionHealth2,Orion Health,,working,2
smartrecruiters,OrthoClinicalDiagnostics,Ortho Clinical Diagnostics,,working,1
smartrecruiters,OteemoInc,"Oteemo, Inc",,working,5
smartrecruiters,PAConsulting,PA Consulting,,working,3
smartrecruiters,PantarSolutionsINC1,Pantar Solutions INC,,working,0
smartrecruiters,Paradigminfotech,Paradigminfotech,,working,33
smartrecruiters,Passive,Passive,,working,1
smartrecruiters,pathwayRP,pathwayRP,,working,11
smartrecruiters,PatternAI,Pattern AI,,working,3
smartrecruiters,PDDNINC,PDDN INC.,,working,2
smartrecruiters,PelotonInc,"Peloton, Inc",,working,3
smartrecruiters,PhillyTechCo,PhillyTech.Co,,working,0
smartrecruiters,Pinto1,Pinto,,working,4
smartrecruiters,Playtech,Playtech,,working,1
smartrecruiters,PositionImagingInc,"Position Imaging, Inc.",,working,4
smartrecruiters,PrecisionTechnologies1,Precision Technologies,,working,4
smartrecruiters,PrimastepLLC,Primastep LLC,,working,2
smartrecruiters,Privafy,Privafy,,working,3
smartrecruiters,ProcomConsultantsGroup,Procom Consultants Group,,working,146
smartrecruiters,prosidianconsulting,"ProSidian Consulting, LLC",,working,41
smartrecruiters,ProStartRecruitingResourcesInc,"ProStart Recruiting Resources, Inc.",,working,1
smartrecruiters,Prosum2,Prosum,,working,27
smartrecruiters,PSGGlobalSolutions2,PSG Global Solutions,,working,73
smartrecruiters,PSICRO,PSI CRO,,working,3
smartrecruiters,PullSkil1,Pull Skil,,working,3
smartrecruiters,PunchAgency,Punch Agency,,working,7
smartrecruiters,PureIntegration,pureIntegration,,working,1
smartrecruiters,PurpleBoxInc,"PurpleBox, Inc.",,working,1
smartrecruiters,PyramidIT1,Pyramid IT,,working,32
smartrecruiters,QADInc,"QAD, Inc.",,working,20
smartrecruiters,QantasGroup,Qantas Group,,working,0
smartrecruiters,Quadient1,Quadient,,working,0
smartrecruiters,Quantix,Quantix,,working,50
smartrecruiters,ra2,RA,,working,26
smartrecruiters,RadiantInfoSystemsLtd,Radiant Info Systems Ltd,,working,10
smartrecruiters,RadiusLimited,Radius Limited,,working,0
smartrecruiters,Ramboll1,RAMBOLL,,working,1
smartrecruiters,Ramboll2,Ramboll,,working,2
smartrecruiters,Ramboll3,Ramboll,,working,18
smartrecruiters,Randstad4,Randstad,,working,44
smartrecruiters,RandstadSourcerightNAForHoneywell,Randstad Sourceright NA for Honeywell,,working,2
smartrecruiters,RapidFlowTechnologies,Rapid Flow Technologies,,working,3
smartrecruiters,RaytheonTechnologies,Raytheon Technologies,,working,6
smartrecruiters,RealCommunicationsInc,Real Communications Inc,,working,7
smartrecruiters,RedBull,Red Bull,,working,6
smartrecruiters,RenesasElectronics,Renesas Electronics,,working,74
smartrecruiters,resillion,Resillion,,working,11
smartrecruiters,RESPECInc,RE/SPEC Inc.,,working,7
smartrecruiters,Resultant,Resultant,,working,2
smartrecruiters,Revalize,Revalize,,working,1
smartrecruiters,ReversingLabs,ReversingLabs,,working,0
smartrecruiters,RewardsNetwork,Rewards Network,,working,2
smartrecruiters,RightEye,RightEye,,working,2
smartrecruiters,RightTalentRightNow,Right Talent Right Now,,working,157
smartrecruiters,RolandBerger,Roland Berger,,working,4
smartrecruiters,Rothe1,Rothe,,working,1
smartrecruiters,RWWA,RWWA,,working,0
smartrecruiters,SageIntacct,Sage Intacct,,working,0
smartrecruiters,SalientFederalSolutionsInc,"Salient Federal Solutions, Inc.",,working,6
smartrecruiters,Samsung1,Samsung,,working,7
smartrecruiters,SamsungSDSA,Samsung SDSA,,working,4
smartrecruiters,SanaCommerce,Sana Commerce,,working,2
smartrecruiters,Sandisk,Sandisk,,working,65
smartrecruiters,SATechnologiesInc4,SA Technologies Inc.,,working,112
smartrecruiters,SaxonGlobal,Saxon Global,,working,52
smartrecruiters,SBTGlobalInc,"SBT Global, Inc.",,working,14
smartrecruiters,ScienceReferralNetwork,Science Referral Network,,working,4
smartrecruiters,Scoutible,Scoutible,,working,2
smartrecruiters,SEAKREngineering,SEAKR Engineering,,working,6
smartrecruiters,SearchSolutionsLLC,"Search Solutions, LLC",,working,7
smartrecruiters,Sectigo,Sectigo,,working,4
smartrecruiters,SeedCompany,Seed Company,,working,0
smartrecruiters,SegulaTechnologies,Segula Technologies,,working,11
smartrecruiters,SeniorPlc1,Senior plc,,working,7
smartrecruiters,Septeo,Septeo,,working,3
smartrecruiters,SerigorInc,Serigor inc.,,working,1
smartrecruiters,ServiceNow,ServiceNow,,working,109
smartrecruiters,ServiceTitan,ServiceTitan,,working,4
smartrecruiters,SGS,SGS,,working,13
smartrecruiters,ShijiGroup,Shiji Group,,working,6
smartrecruiters,Sia,Sia,,working,25
smartrecruiters,SibyllineLtd,Sibylline Ltd,,working,0
smartrecruiters,sigmasoftware2,Sigma Software,,working,10
smartrecruiters,SilfabSolar,Silfab Solar,,working,1
smartrecruiters,SimarnSolutionsLLC,"Simarn Solutions, LLC",,working,3
smartrecruiters,SimplifiedITSolutions1,Simplified IT Solutions,,working,2
smartrecruiters,SIXT,SIXT,,working,14
smartrecruiters,SkySolutionsLLC,Sky Solutions LLC.,,working,4
smartrecruiters,smartrecruiters,SmartRecruiters Inc,,working,1
smartrecruiters,SmithsGroup2,Smiths Group,,working,20
smartrecruiters,Socotec,SOCOTEC,,working,4
smartrecruiters,SoftwareMind,Software Mind,,working,7
smartrecruiters,Solidigm,Solidigm,,working,6
smartrecruiters,SonicAutomotive,Sonic Automotive,,working,0
smartrecruiters,SonomaConsultingInc,Sonoma Consulting Inc.,,working,143
smartrecruiters,SonsoftInc,Sonsoft Inc,,working,34
smartrecruiters,SopraSteria1,Sopra Steria,,working,43
smartrecruiters,SOSi1,SOSi,,working,33
smartrecruiters,SouthTekResources,SouthTek Resources,,working,13
smartrecruiters,SovereignTechnologies1,Sovereign Technologies,,working,4
smartrecruiters,Sovrn,Sovrn,,working,8
smartrecruiters,Sportradar,Sportradar,,working,3
smartrecruiters,SQLI1,SQLI,,working,18
smartrecruiters,SquareTrade1,SquareTrade,,working,6
smartrecruiters,SRITechSolutionsInc,SRI Tech solutions Inc,,working,39
smartrecruiters,SRPSystemsInc,SRP Systems Inc,,working,12
smartrecruiters,SteelThreadSoftwareInc,"Steel Thread Software, Inc.",,working,4
smartrecruiters,StowGroup,STOW Group,,working,1
smartrecruiters,StratasFoods,Stratas Foods,,working,0
smartrecruiters,SumeruSolutions1,Sumeru Solutions,,working,7
smartrecruiters,SuperStealthECommerceCompany,Super Stealth E Commerce Company,,working,1
smartrecruiters,Sutherland,Sutherland,,working,28
smartrecruiters,SVTechSystemsInc1,SV Tech Systems Inc,,working,42
smartrecruiters,Sydata,sydata,,working,1
smartrecruiters,SymphonyCorp1,Symphony Corp,,working,2
smartrecruiters,SyngentaGroup,Syngenta Group,,working,13
smartrecruiters,SYNTEGON,SYNTEGON,,working,7
smartrecruiters,SystemsDefinitionInc1,"Systems Definition, Inc",,working,4
smartrecruiters,T-SystemsIberia,T-Systems Iberia,,working,14
smartrecruiters,Talan,Talan,,working,22
smartrecruiters,TalentBurstInc,TalentBurst Inc,,working,1
smartrecruiters,TechnologyNavigators,Technology Navigators,,working,4
smartrecruiters,TechTammina,Tech Tammina,,working,7
smartrecruiters,TecTammina,TecTammina,,working,69
smartrecruiters,TEEMA1,TEEMA,,working,2
smartrecruiters,TekgenceInc,Tekgence inc,,working,0
smartrecruiters,TekWissen4,TekWissen,,working,22
smartrecruiters,Ten4,Ten4,,working,3
smartrecruiters,TenMileSquareTechnologies,Ten Mile Square Technologies,,working,3
smartrecruiters,Tennders,Tennders,,working,1
smartrecruiters,TheICEGroup1,The ICE Group,,working,2
smartrecruiters,TheLeague1,The League,,working,1
smartrecruiters,TheNielsenCompany,The Nielsen Company,,working,25
smartrecruiters,TheNPDGroupInc,"The NPD Group, Inc.",,working,2
smartrecruiters,TheProvidentSearchGroupInc,"The Provident Search Group, Inc",,working,2
smartrecruiters,TheRIIMLLC,TheRIIM LLC,,working,2
smartrecruiters,TheRoss-CarlisleGroupInc,"The Ross-Carlisle Group, Inc.",,working,1
smartrecruiters,TheTycheProject,The Tyche Project,,working,2
smartrecruiters,TheWonderfulCompany,The Wonderful Company,,working,8
smartrecruiters,ThirdBridge,Third Bridge,,working,0
smartrecruiters,ThreeSpaceLab,Three Space Lab,,working,1
smartrecruiters,Thrive2,Thrive,,working,3
smartrecruiters,Togethernetworkscom,togethernetworks.com,,working,2
smartrecruiters,Tomra,Tomra,,working,1
smartrecruiters,TrafficCast,TrafficCast,,working,3
smartrecruiters,Travoom,Travoom,,working,1
smartrecruiters,TreehouseStrategyAndCommunicatio,Treehouse Strategy and Communications,,working,6
smartrecruiters,TrialonCorporation,Trialon Corporation,,working,4
smartrecruiters,TridentConsultingInc2,Trident Consulting Inc,,working,1
smartrecruiters,Trupanion1,Trupanion,,working,1
smartrecruiters,TTP1,TTP,,working,0
smartrecruiters,TurnitinLLC,"Turnitin, LLC",,working,10
smartrecruiters,Ubisoft2,Ubisoft,,working,11
smartrecruiters,UncommonSchools,Uncommon Schools,,working,2
smartrecruiters,USITSolutionsInc,US IT Solutions Inc,,working,81
smartrecruiters,USM2,USM,,working,204
smartrecruiters,USTechSolutions2,US Tech Solutions,,working,43
smartrecruiters,V-Comply,V-Comply,,working,6
smartrecruiters,Veilant,Veilant,,working,2
smartrecruiters,VenturesUnlimitedInc2,Ventures Unlimited Inc,,working,16
smartrecruiters,Verdant1,Verdant,,working,2
smartrecruiters,VeredusDC,Veredus - DC,,working,42
smartrecruiters,Vericast,Vericast,,working,0
smartrecruiters,Versant3,Versant,,working,30
smartrecruiters,Version1,Version 1,,working,8
smartrecruiters,VierDiamondStaffingFirm,Vier Diamond Staffing Firm,,working,2
smartrecruiters,VirtualEnterpriseArchitects,Virtual Enterprise Architects,,working,1
smartrecruiters,Visa,Visa,,working,17
smartrecruiters,Vitol,Vitol,,working,4
smartrecruiters,Vmware2,vmware,,working,1
smartrecruiters,Voxelcloud,Voxelcloud,,working,6
smartrecruiters,VTechSolution1,vTech Solution,,working,133
smartrecruiters,VTekisConsultingLLP,VTekis Consulting LLP,,working,4
smartrecruiters,VulcanCyberInc,Vulcan Cyber Inc.,,working,0
smartrecruiters,VuoriInc,"Vuori, Inc",,working,3
smartrecruiters,VusionGroupSA,VusionGroup SA,,working,3
smartrecruiters,Wabtec,Wabtec,,working,58
smartrecruiters,WadiTek,WadiTek,,working,1
smartrecruiters,Walgreens7,Walgreens,,working,5
smartrecruiters,Walmart30,Walmart,,working,10
smartrecruiters,WalterBaconLLC,"Walter Bacon, LLC",,working,3
smartrecruiters,Wavestone1,Wavestone,,working,3
smartrecruiters,WebtellectLLC,"Webtellect, LLC",,working,3
smartrecruiters,WellmarkInc,"Wellmark, Inc.",,working,10
smartrecruiters,WesternDigital,Western Digital,,working,23
smartrecruiters,WestgateResorts,Westgate Resorts,,working,2
smartrecruiters,wgc,David Weekley Homes,,working,8
smartrecruiters,WinMaxSystemsCorporation,WinMax Systems Corporation,,working,11
smartrecruiters,Winsupply1,Winsupply,,working,3
smartrecruiters,wirelessxfactor,Lightspeed Human Capital Management Inc.,,working,4
smartrecruiters,Wise,Wise,,working,5
smartrecruiters,Wix2,Wix,,working,26
smartrecruiters,WoltersKluwer1,Wolters Kluwer,,working,1
smartrecruiters,Workila,Workila,,working,12
smartrecruiters,WynnResorts,Wynn Resorts,,working,1
smartrecruiters,XceedSearchcom,XceedSearch.com,,working,0
smartrecruiters,Xoriant1,Xoriant,,working,5
smartrecruiters,Xplor,Xplor,,working,7
smartrecruiters,XTGlobalInc1,"XTGlobal, Inc.",,working,1
smartrecruiters,YochanaITSolutionsInc3,Yochana IT Solutions Inc,,working,7
smartrecruiters,ZemosoTechInc,Zemoso Tech Inc,,working,0
smartrecruiters,Zen31,Zen3,,working,7
smartrecruiters,Zoro,Zoro,,working,2
